{
  "hyperparameters": {
    "n_samples": 4000,
    "n_emotions": 6,
    "n_sub_emotions": 2,
    "vocab_size": 64,
    "t_text": 15,
    "t_mel": 30,
    "n_mels": 80,
    "train_frac": 0.7,
    "val_frac": 0.15,
    "d_model": 64,
    "cond_dim": 32,
    "z_dim": 32,
    "bert_dim": 128,
    "oracle_embedding_dim": 64,
    "n_text_encoder_layers": 2,
    "n_mel_decoder_layers": 2,
    "nhead": 4,
    "batch_size": 64,
    "lr_generative": 0.001,
    "epochs_generative": 15,
    "val_interval": 3,
    "grad_clip_norm": 1.0,
    "probe_lr": 0.001,
    "probe_epochs": 12,
    "bert_pretrain_epochs": 5,
    "bert_pretrain_lr": 0.001,
    "seeds": [
      42,
      123,
      456,
      789,
      1024
    ],
    "time_budget_sec": 580,
    "betas": [
      1.0,
      2.0,
      4.0,
      8.0
    ]
  },
  "data_mode": "real_esd",
  "metrics": {
    "beta_vae_b1/mel_mse_mean": 0.03571214402715365,
    "beta_vae_b1/mel_mse_std": 0.0001293659007802523,
    "beta_vae_b1/f0_rmse_mean": 138.65284118652343,
    "beta_vae_b1/f0_rmse_std": 0.636494416169027,
    "beta_vae_b1/utmos_mean": 3.7491642929585445,
    "beta_vae_b1/utmos_std": 0.0035731001912119183,
    "beta_vae_b1/mig_mean": 0.005433508127002541,
    "beta_vae_b1/mig_std": 0.0022358434641354566,
    "beta_vae_b2/mel_mse_mean": 0.03571648498376211,
    "beta_vae_b2/mel_mse_std": 0.00012545681978108563,
    "beta_vae_b2/f0_rmse_mean": 138.6805216471354,
    "beta_vae_b2/f0_rmse_std": 0.5969552300342742,
    "beta_vae_b2/utmos_mean": 3.7490187809993594,
    "beta_vae_b2/utmos_std": 0.003408474478825414,
    "beta_vae_b2/mig_mean": 0.037307827913405305,
    "beta_vae_b2/mig_std": 0.0442123140906816,
    "beta_vae_b4/mel_mse_mean": 0.035719494521617885,
    "beta_vae_b4/mel_mse_std": 0.00012141261897443552,
    "beta_vae_b4/f0_rmse_mean": 138.70122680664062,
    "beta_vae_b4/f0_rmse_std": 0.5957098023868898,
    "beta_vae_b4/utmos_mean": 3.7489142967157796,
    "beta_vae_b4/utmos_std": 0.0033308670087455945,
    "beta_vae_b4/mig_mean": 0.006000389664409959,
    "beta_vae_b4/mig_std": 0.0028884009534036613,
    "beta_vae_b8/mel_mse_mean": 0.03571966638167699,
    "beta_vae_b8/mel_mse_std": 0.00012013161597271288,
    "beta_vae_b8/f0_rmse_mean": 138.70809631347655,
    "beta_vae_b8/f0_rmse_std": 0.5938547585797691,
    "beta_vae_b8/utmos_mean": 3.7488940825353048,
    "beta_vae_b8/utmos_std": 0.0033133908180967638,
    "beta_vae_b8/mig_mean": 0.003723528140049538,
    "beta_vae_b8/mig_std": 0.0014778712889060494,
    "beta_vae_no_kl/mel_mse_mean": 0.030296956251064936,
    "beta_vae_no_kl/mel_mse_std": 0.0001783886877571347,
    "beta_vae_no_kl/f0_rmse_mean": 97.63574574788412,
    "beta_vae_no_kl/f0_rmse_std": 1.2309613951221055,
    "beta_vae_no_kl/utmos_mean": 3.9603116745297697,
    "beta_vae_no_kl/utmos_std": 0.0064876272627182,
    "bert_projected/mel_mse_mean": 0.03591937397917112,
    "bert_projected/mel_mse_std": 3.1245907803317595e-05,
    "bert_projected/f0_rmse_mean": 139.1728993733724,
    "bert_projected/f0_rmse_std": 0.43130744978391977,
    "bert_projected/utmos_mean": 3.7442420843010935,
    "bert_projected/utmos_std": 0.0015850700757076477,
    "bert_frozen_direct/mel_mse_mean": 0.03609433944026629,
    "bert_frozen_direct/mel_mse_std": 0.0001201937946509269,
    "bert_frozen_direct/f0_rmse_mean": 139.07904663085938,
    "bert_frozen_direct/f0_rmse_std": 0.40584941637777006,
    "bert_frozen_direct/utmos_mean": 3.741425653076986,
    "bert_frozen_direct/utmos_std": 0.002666727937790649,
    "onehot_baseline/mel_mse_mean": 0.03568003078301748,
    "onehot_baseline/mel_mse_std": 5.566093954635898e-05,
    "onehot_baseline/f0_rmse_mean": 129.11944325764975,
    "onehot_baseline/f0_rmse_std": 0.4296833616012919,
    "onehot_baseline/utmos_mean": 3.7741314066475993,
    "onehot_baseline/utmos_std": 0.0011613105320109304,
    "acoustic_oracle/spearman_rho": 0.6032408005137552,
    "acoustic_oracle/spearman_pval": 1.8620210936442154e-27,
    "acoustic_oracle/mse": 0.15752610564231873,
    "acoustic_oracle/best_val_spearman_rho": 0.5317389305069797,
    "H1_spearman_rho": -1.0,
    "H1_supported": true,
    "H3_spearman_rho": 0.6032408005137552,
    "H3_supported": false
  },
  "all_results": {
    "beta_vae_b1": {
      "per_seed": [
        {
          "mel_mse": 0.03573424145579338,
          "f0_rmse": 139.3606170654297,
          "utmos": 3.7470077011151535,
          "mig": 0.007573095840856927,
          "seed": 42
        },
        {
          "mel_mse": 0.03585837557911873,
          "f0_rmse": 138.7805938720703,
          "utmos": 3.7462850137160233,
          "mig": 0.0023475006640260344,
          "seed": 123
        },
        {
          "mel_mse": 0.03554381504654884,
          "f0_rmse": 137.81731262207032,
          "utmos": 3.7542001640444562,
          "mig": 0.006379927876124665,
          "seed": 456
        }
      ],
      "aggregate": {
        "mel_mse": {
          "mean": 0.03571214402715365,
          "std": 0.0001293659007802523,
          "n": 3,
          "vals": [
            0.03573424145579338,
            0.03585837557911873,
            0.03554381504654884
          ]
        },
        "f0_rmse": {
          "mean": 138.65284118652343,
          "std": 0.636494416169027,
          "n": 3,
          "vals": [
            139.3606170654297,
            138.7805938720703,
            137.81731262207032
          ]
        },
        "utmos": {
          "mean": 3.7491642929585445,
          "std": 0.0035731001912119183,
          "n": 3,
          "vals": [
            3.7470077011151535,
            3.7462850137160233,
            3.7542001640444562
          ]
        },
        "mig": {
          "mean": 0.005433508127002541,
          "std": 0.0022358434641354566,
          "n": 3,
          "vals": [
            0.007573095840856927,
            0.0023475006640260344,
            0.006379927876124665
          ]
        }
      }
    },
    "beta_vae_b2": {
      "per_seed": [
        {
          "mel_mse": 0.03573936522006989,
          "f0_rmse": 139.35674133300782,
          "utmos": 3.746927751431242,
          "mig": 0.009014408625557429,
          "seed": 42
        },
        {
          "mel_mse": 0.03585741445422173,
          "f0_rmse": 138.7801086425781,
          "utmos": 3.746303013566122,
          "mig": 0.09974226782735904,
          "seed": 123
        },
        {
          "mel_mse": 0.035552675276994704,
          "f0_rmse": 137.90471496582032,
          "utmos": 3.753825578000715,
          "mig": 0.0031668072872994583,
          "seed": 456
        }
      ],
      "aggregate": {
        "mel_mse": {
          "mean": 0.03571648498376211,
          "std": 0.00012545681978108563,
          "n": 3,
          "vals": [
            0.03573936522006989,
            0.03585741445422173,
            0.035552675276994704
          ]
        },
        "f0_rmse": {
          "mean": 138.6805216471354,
          "std": 0.5969552300342742,
          "n": 3,
          "vals": [
            139.35674133300782,
            138.7801086425781,
            137.90471496582032
          ]
        },
        "utmos": {
          "mean": 3.7490187809993594,
          "std": 0.003408474478825414,
          "n": 3,
          "vals": [
            3.746927751431242,
            3.746303013566122,
            3.753825578000715
          ]
        },
        "mig": {
          "mean": 0.037307827913405305,
          "std": 0.0442123140906816,
          "n": 3,
          "vals": [
            0.009014408625557429,
            0.09974226782735904,
            0.0031668072872994583
          ]
        }
      }
    },
    "beta_vae_b4": {
      "per_seed": [
        {
          "mel_mse": 0.035742960125207904,
          "f0_rmse": 139.38534851074218,
          "utmos": 3.7467936336758165,
          "mig": 0.006363738669289732,
          "seed": 42
        },
        {
          "mel_mse": 0.035855066031217575,
          "f0_rmse": 138.78494567871093,