{
  "hyperparameters": {
    "n_samples": 4000,
    "n_emotions": 6,
    "n_sub_emotions": 2,
    "vocab_size": 64,
    "t_text": 15,
    "t_mel": 30,
    "n_mels": 80,
    "train_frac": 0.7,
    "val_frac": 0.15,
    "d_model": 64,
    "cond_dim": 32,
    "z_dim": 32,
    "bert_dim": 128,
    "oracle_embedding_dim": 64,
    "n_text_encoder_layers": 2,
    "n_mel_decoder_layers": 2,
    "nhead": 4,
    "batch_size": 64,
    "lr_generative": 0.001,
    "epochs_generative": 15,
    "val_interval": 3,
    "grad_clip_norm": 1.0,
    "probe_lr": 0.001,
    "probe_epochs": 12,
    "bert_pretrain_epochs": 5,
    "bert_pretrain_lr": 0.001,
    "seeds": [
      42,
      123,
      456,
      789,
      1024
    ],
    "time_budget_sec": 580,
    "betas": [
      1.0,
      2.0,
      4.0,
      8.0
    ]
  },
  "metrics": {
    "beta_vae_b1/mel_mse_mean": 0.02274665366858244,
    "beta_vae_b1/mel_mse_std": 2.0756510650215515e-05,
    "beta_vae_b1/f0_rmse_mean": 14.761686515808103,
    "beta_vae_b1/f0_rmse_std": 0.15421395181331837,
    "beta_vae_b1/utmos_mean": 4.420222623665844,
    "beta_vae_b1/utmos_std": 0.0006245283580658691,
    "beta_vae_b1/mig_mean": 0.042674204216712704,
    "beta_vae_b1/mig_std": 0.019989559632237128,
    "beta_vae_b2/mel_mse_mean": 0.022748853638768194,
    "beta_vae_b2/mel_mse_std": 2.018021002138268e-05,
    "beta_vae_b2/f0_rmse_mean": 14.75651165644328,
    "beta_vae_b2/f0_rmse_std": 0.1524269164724102,
    "beta_vae_b2/utmos_mean": 4.420202839479778,
    "beta_vae_b2/utmos_std": 0.0006001671525066474,
    "beta_vae_b2/mig_mean": 0.015500531511526276,
    "beta_vae_b2/mig_std": 0.018410801141870606,
    "beta_vae_b4/mel_mse_mean": 0.02275185516724984,
    "beta_vae_b4/mel_mse_std": 2.0115085853566836e-05,
    "beta_vae_b4/f0_rmse_mean": 14.756304868062337,
    "beta_vae_b4/f0_rmse_std": 0.14796626498721613,
    "beta_vae_b4/utmos_mean": 4.420144014656517,
    "beta_vae_b4/utmos_std": 0.0005314400028257532,
    "beta_vae_b4/mig_mean": 0.003329987994406642,
    "beta_vae_b4/mig_std": 0.0023026270980335286,
    "beta_vae_b8/mel_mse_mean": 0.022755509180327257,
    "beta_vae_b8/mel_mse_std": 2.1074276000431916e-05,
    "beta_vae_b8/f0_rmse_mean": 14.755835501352946,
    "beta_vae_b8/f0_rmse_std": 0.14803602643148536,
    "beta_vae_b8/utmos_mean": 4.4200734388454395,
    "beta_vae_b8/utmos_std": 0.0005289747181691943,
    "beta_vae_b8/mig_mean": 0.009094517664426727,
    "beta_vae_b8/mig_std": 0.002929054235228119,
    "beta_vae_no_kl/mel_mse_mean": 0.022125584632158277,
    "beta_vae_no_kl/mel_mse_std": 3.2023325242780165e-05,
    "beta_vae_no_kl/f0_rmse_mean": 13.63466968536377,
    "beta_vae_no_kl/f0_rmse_std": 0.07850484347794609,
    "beta_vae_no_kl/utmos_mean": 4.437877685393473,
    "beta_vae_no_kl/utmos_std": 0.0002833563787693455,
    "bert_projected/mel_mse_mean": 0.02241190547744433,
    "bert_projected/mel_mse_std": 3.788289375896726e-05,
    "bert_projected/f0_rmse_mean": 13.91822592417399,
    "bert_projected/f0_rmse_std": 0.029350037782446197,
    "bert_projected/utmos_mean": 4.430825223854144,
    "bert_projected/utmos_std": 0.0008701337259494628,
    "bert_frozen_direct/mel_mse_mean": 0.022526777846117813,
    "bert_frozen_direct/mel_mse_std": 2.2052082091833136e-05,
    "bert_frozen_direct/f0_rmse_mean": 14.186457951863607,
    "bert_frozen_direct/f0_rmse_std": 0.012263207628307144,
    "bert_frozen_direct/utmos_mean": 4.4272810689003705,
    "bert_frozen_direct/utmos_std": 0.0003903015988923825,
    "onehot_baseline/mel_mse_mean": 0.022571332628528274,
    "onehot_baseline/mel_mse_std": 3.486546368872946e-05,
    "onehot_baseline/f0_rmse_mean": 14.445788478851318,
    "onehot_baseline/f0_rmse_std": 0.1737773146199442,
    "onehot_baseline/utmos_mean": 4.425185402723522,
    "onehot_baseline/utmos_std": 0.001481490940872425,
    "acoustic_oracle/spearman_rho": 0.9680256746272307,
    "acoustic_oracle/spearman_pval": 0.0,
    "acoustic_oracle/mse": 0.006861906033009291,
    "acoustic_oracle/best_val_spearman_rho": 0.9679847444020677,
    "H1_spearman_rho": -1.0,
    "H1_supported": true,
    "H3_spearman_rho": 0.9680256746272307,
    "H3_supported": true
  },
  "all_results": {
    "beta_vae_b1": {
      "per_seed": [
        {
          "mel_mse": 0.022726067900657655,
          "f0_rmse": 14.972550201416016,
          "utmos": 4.419653499043062,
          "mig": 0.06626961131923355,
          "seed": 42
        },
        {
          "mel_mse": 0.022775068879127502,
          "f0_rmse": 14.70447597503662,
          "utmos": 4.419922270275745,
          "mig": 0.01739257267002462,
          "seed": 123
        },
        {
          "mel_mse": 0.022738824225962163,
          "f0_rmse": 14.608033370971679,
          "utmos": 4.421092101678726,
          "mig": 0.04436042866087994,
          "seed": 456
        }
      ],
      "aggregate": {
        "mel_mse": {
          "mean": 0.02274665366858244,
          "std": 2.0756510650215515e-05,
          "n": 3,
          "vals": [
            0.022726067900657655,
            0.022775068879127502,
            0.022738824225962163
          ]
        },
        "f0_rmse": {
          "mean": 14.761686515808103,
          "std": 0.15421395181331837,
          "n": 3,
          "vals": [
            14.972550201416016,
            14.70447597503662,
            14.608033370971679
          ]
        },
        "utmos": {
          "mean": 4.420222623665844,
          "std": 0.0006245283580658691,
          "n": 3,
          "vals": [
            4.419653499043062,
            4.419922270275745,
            4.421092101678726
          ]
        },
        "mig": {
          "mean": 0.042674204216712704,
          "std": 0.019989559632237128,
          "n": 3,
          "vals": [
            0.06626961131923355,
            0.01739257267002462,
            0.04436042866087994
          ]
        }
      }
    },
    "beta_vae_b2": {
      "per_seed": [
        {
          "mel_mse": 0.022728067263960837,
          "f0_rmse": 14.965072441101075,
          "utmos": 4.419648369096126,
          "mig": 0.0008387361947770879,
          "seed": 42
        },
        {
          "mel_mse": 0.022776182182133196,
          "f0_rmse": 14.69943027496338,
          "utmos": 4.419923547168544,
          "mig": 0.041465006834846746,
          "seed": 123
        },
        {
          "mel_mse": 0.022742311470210552,
          "f0_rmse": 14.605032253265382,
          "utmos": 4.421036602174663,
          "mig": 0.004197851504954991,
          "seed": 456
        }
      ],
      "aggregate": {
        "mel_mse": {
          "mean": 0.022748853638768194,
          "std": 2.018021002138268e-05,
          "n": 3,
          "vals": [
            0.022728067263960837,
            0.022776182182133196,
            0.022742311470210552
          ]
        },
        "f0_rmse": {
          "mean": 14.75651165644328,
          "std": 0.1524269164724102,
          "n": 3,
          "vals": [
            14.965072441101075,
            14.69943027496338,
            14.605032253265382
          ]
        },
        "utmos": {
          "mean": 4.420202839479778,
          "std": 0.0006001671525066474,
          "n": 3,
          "vals": [
            4.419648369096126,
            4.419923547168544,
            4.421036602174663
          ]
        },
        "mig": {
          "mean": 0.015500531511526276,
          "std": 0.018410801141870606,
          "n": 3,
          "vals": [
            0.0008387361947770879,
            0.041465006834846746,
            0.004197851504954991
          ]
        }
      }
    },
    "beta_vae_b4": {
      "per_seed": [
        {
          "mel_mse": 0.022729148901998997,
          "f0_rmse": 14.959817028045654,
          "utmos": 4.419651208718617,
          "mig": 0.003357381277801419,
          "seed": 42
        },
        {
          "mel_mse": 0.022778048925101758,
          "f0_rmse": 14.696716594696046,
          "utmos": 4.419898991694546,